{"cameraMode":{"drawMode":0,"name":"Shaded","section":"Shading Mode"},"sceneLighting":true,"audioPlay":false,"sceneViewState":{"showFog":true,"showMaterialUpdate":false,"showSkybox":true,"showFlares":true,"showImageEffects":true,"showParticleSystems":true,"showVisualEffectGraphs":true,"m_FxEnabled":true},"in2DMode":false,"pivot":{"x":15.118851661682129,"y":2.0778589248657228,"z":8.671019554138184},"rotation":{"x":0.3629152178764343,"y":0.004193190950900316,"z":-0.001633113599382341,"w":0.9318122863769531},"size":6.063500881195068,"orthographic":false}