{"cameraMode":{"drawMode":0,"name":"Shaded","section":"Shading Mode"},"sceneLighting":true,"audioPlay":false,"sceneViewState":{"showFog":true,"showMaterialUpdate":false,"showSkybox":true,"showFlares":true,"showImageEffects":true,"showParticleSystems":true,"showVisualEffectGraphs":true,"m_FxEnabled":true},"in2DMode":false,"pivot":{"x":14.06879997253418,"y":1.882368564605713,"z":8.13059139251709},"rotation":{"x":0.41785743832588198,"y":-0.057174380868673328,"z":0.026359938085079194,"w":0.9063292741775513},"size":0.3352871537208557,"orthographic":false}