{"cameraMode":{"drawMode":0,"name":"Shaded","section":"Shading Mode"},"sceneLighting":false,"audioPlay":false,"sceneViewState":{"showFog":true,"showMaterialUpdate":false,"showSkybox":false,"showFlares":true,"showImageEffects":true,"showParticleSystems":true,"showVisualEffectGraphs":true,"m_FxEnabled":true},"in2DMode":false,"pivot":{"x":0.043609619140625,"y":0.09801188856363297,"z":-0.033546753227710727},"rotation":{"x":-0.18961064517498017,"y":0.021203752607107164,"z":-0.004095514304935932,"w":-0.9816264510154724},"size":0.1431753784418106,"orthographic":false}