{"cameraMode":{"drawMode":0,"name":"Shaded","section":"Shading Mode"},"sceneLighting":false,"audioPlay":false,"sceneViewState":{"showFog":true,"showMaterialUpdate":false,"showSkybox":false,"showFlares":true,"showImageEffects":true,"showParticleSystems":true,"showVisualEffectGraphs":true,"m_FxEnabled":true},"in2DMode":false,"pivot":{"x":-0.044502828270196918,"y":0.09872408211231232,"z":-0.07867638766765595},"rotation":{"x":0.03759133443236351,"y":0.948590874671936,"z":-0.28908371925354006,"w":0.12334152311086655},"size":0.1431753784418106,"orthographic":false}